ISBN,Book-Title,Book-Author,Year-Of-Publication
3518395629,"""Emilia.""","""Angeles Mastretta""","""1999"""
037319093X,"""Bachelor Blues (Silhouette Romance No 1093)""","""Carolyn Zane""","""1995"""
0449230813,"""After the Storm""","""Williams""","""1976"""
0670817449,"""The Body in the Billiard Room (Inspector Ghote Mystery)""","""H. R. F. Keating""","""1987"""
0684807319,"""The Collected Works of W.B. Yeats Volume I: The Poems : Revised Second Edition""","""William Butler Yeats""","""1996"""
1884366007,"""I remember when (Uncle Bud series)""","""Gary D Trump""","""1993"""
0812519353,"""Pretty Babies""","""Julia Grice""","""1995"""
0446386391,"""Passion for Excellence""","""Nancy Austin""","""1989"""
0553211188,"""Cyrano de Bergerac""","""Edmond Rostand""","""1950"""
0671676768,"""The WOMEN'S ADVANTAGE DIET : THE WOMEN'S ADVANTAGE DIET""","""Henry Md. Mallek""","""1990"""
0871131749,"""Mount's Mistake""","""Lew McCreary""","""1987"""
0374444773,"""Like the Lion's Tooth (Aerial Fiction)""","""Marjorie Kellogg""","""1992"""
0765307936,"""sMothering""","""Wendy French""","""2003"""
0932813992,"""K2: Quest of the Gods""","""Ralph Ellis""","""2002"""
0130179817,"""Foundations of Finance: The Logic and Practice of Financial Management""","""Arthur J. Keown""","""2000"""
0743212193,"""On the Street Where You Live : A Novel""","""Mary Higgins Clark""","""2001"""
157566724X,"""Rubbed Out""","""Barbara Block""","""2003"""
0812550471,"""A Sorcerer and a Gentleman (Sorcerer &amp"," a Gentleman)""","""Elizabeth Willey"""
2890211452,"""Marcus LA Puce a L'Ecole (Novels in the Premier Roman Series)""","""Gilles Gauthier""","""1996"""
0446355933,"""By Love Enslaved""","""Phoebe Conn""","""1989"""
8120813871,"""The Advaita of Art""","""Harsha V. Dehejia""","""2000"""
0812548159,"""The Only Thing to Fear""","""David Poyer""","""1996"""
0801057787,"""Turning Points: Decisive Moments in the History of Christianity""","""Mark A. Noll""","""1997"""
0345250125,"""Well of the Unicorn""","""Fletcher Pratt""","""1976"""
8433905635,"""El Factor Fama""","""M. -Halevi G. Odina""","""1999"""
0394552377,"""Blessings in Disguise""","""Alec Guinness""","""1986"""
0689821263,"""Tommy Catches A Cold (Rugrats)""","""Sarah Willson""","""1998"""
0822008653,"""Mythology (Cliffs Notes)""","""James  Weigel""","""1973"""
1560987006,"""Discovering Dinosaurs in the Old West: The Field Journals of Arthur Lakes""","""Michael F. Kohl""","""1997"""
0671011693,"""Battlestar Galactica: Armageddon""","""Richard Hatch""","""1997"""
0253359406,"""Memory and American History""","""David Thelan""","""1990"""
0394409035,"""The cold room""","""Jeffrey Caine""","""1977"""
0782124615,"""Dictionary of Networking""","""Peter Dyson""","""1999"""
0671664581,"""Go Ask Alice""","""Anonymous""","""1971"""
0684810603,"""ANGEL IN THE WHIRLWIND""","""Benson Bobrick""","""1997"""
1884834671,"""More Than Painting: Exploring the Wonders of Art in Preschool and Kindergarten""","""Sally Moomaw""","""1999"""
0553572326,"""Survival of the Fittest: An Alex Delaware Novel""","""Jonathan Kellerman""","""1998"""
0486205460,"""The Tale of Mrs. Tiggy-Winkle""","""Beatrix Potter""","""1973"""
8479270810,"""El Gran Libro del Tarot""","""Emilio Salas""","""1996"""
0375700382,"""The Fight: Norman Mailer""","""Norman Mailer""","""1997"""
0831778415,"""Needful Things""","""Stephen King""","""1993"""
030710415X,"""The Story of the Easter Bunny""","""Sheila Black""","""1990"""
0689820402,"""Most Wanted""","""Jordan Cray""","""1998"""
0195077040,"""Imaginary Companions and the Children Who Create Them""","""Marjorie Taylor""","""1999"""
3406071198,"""Anna Seghers (AutorenbÃ¼cher "," 9)""","""Klaus Sauer"""
0590457861,"""Summer Nights""","""Caroline B. Cooney""","""1992"""
2290048763,"""Mademoiselle Chambon""","""Ã?Â?ric Holder""","""1998"""
051788500X,"""Compassion in Action : Setting Out on the Path of Service""","""RAM DASS""","""1995"""
0312039506,"""Weapons: An International Encyclopedia from 5000 B.C. to 2000 A.D.""","""Diagram Group""","""1991"""
0394745523,"""The night lords""","""Nicolas Freeling""","""1980"""
0006751687,"""Shadow of Mordican (Llandor Trilogy)""","""Louise Lawrence""","""1997"""
0399523200,"""The Complete Guide to Natural Healing""","""Tom Monte""","""1997"""
0307477010,"""Silly Stories (Sesame Street)""","""Sarah Albee""","""1998"""
1854793489,"""Dot on Men""","""Daphne David""","""1998"""
0726137383,"""The UBD street directory of Victoria cities &amp"," towns""","""Universal Business Directories Pty. Ltd"""
043909013X,"""Kerosene""","""Chris Wooding""","""2002"""
1585360511,"""M is for Maple""","""Michael Ulmer""","""2001"""
0425186318,"""What You Owe Me""","""Bebe Moore Campbell""","""2002"""
0553140744,"""Proteus""","""Morris West""","""1981"""
014013168X,"""The Buddha of Suburbia""","""Hanif Kureishi""","""1991"""
0684833751,"""Tumble Home : A Novella and Short Stories""","""Amy Hempel""","""1997"""
0451169484,"""Complete Handbook of Pro Basketball""","""Zander Hollander""","""1990"""
086622467X,"""A Step-By-Step Book About Gerbils""","""Patrick Bradley""","""1987"""
0757300553,"""Gossip: Ten Pathways to Eliminate It from Your Life and Transform Your Soul""","""Lori Palatnik""","""2002"""
0688085873,"""A Short History of World War II""","""James L. Stokesbury""","""1980"""
0440208491,"""Balancing Acts: Contemporary Stories""","""Helena Goscilo""","""1991"""
1577487923,"""Lessons of the Heart: Four Novellas in Which Modern Teachers Learn About Love""","""Linda Goodnight""","""2000"""
059033672X,"""Day Jimmy's Boa Ate the Wash""","""Trinka Hakes Noble""","""1980"""
0812530055,"""A College of Magics""","""Caroline Stevermer""","""1995"""
0930044347,"""Odd Girl Out (Volute Book)""","""Ann Bannon""","""1983"""
0843927445,"""Renegade Heart""","""Madeline Baker""","""1989"""
0671534017,"""100 TOP PSYCHICS IN AMERICA: THEIR STORIES SPECIALTIES &amp"," HOW TO CONTACT THEM""","""Paulette Cooper"""
0671698281,"""DYDEETOWN WORLD""","""Jim Wilson""","""1989"""
157954312X,"""The Secret Lives of Dogs: The Real Reasons Behind 52 Mysterious Canine Behaviors""","""Jana Murphy""","""2000"""
0425051552,"""Laughter/Best Medicin""","""Readers Digest""","""1981"""
0192814907,"""The Oxford Companion to Classical Literature (Oxford Paperbacks)""","""Paul H. Harvey""","""1984"""
157973006X,"""Pocahontas: An Unlikely Pair (Disney's Storytime Treasures Library)""","""Disney Enterprises Inc""","""1997"""
0553296817,"""Return of the Spanish (Spanish Bit Saga of the Plains Indians)""","""Don Coldsmith""","""1993"""
084395311X,"""Rage""","""Steve Gerlach""","""2004"""
0895267101,"""Philosophy in the Tragic Age of the Greeks""","""Friedrich Nietzsche""","""1996"""
3404149181,"""Dunkler Zauber.""","""Alexander McCall Smith""","""2003"""
2070414175,"""Assurance sur la mort""","""James M. Cain""","""2003"""
1557094985,"""Extracts from Adam's Diary/Eve's Diary: Memoirs of the First Man Written Down by Mark Twain""","""Mark Twain""","""2000"""
1576738906,"""Who I Am: Diary of a Teenage Girl (Book 3)""","""Melody Carlson""","""2002"""
080697222X,"""Router Basics (Basics Series)""","""Patrick Spielman""","""1990"""
0385327617,"""Sights""","""Susanna Vance""","""2001"""
0312928599,"""Heat of a Savage Moon""","""Jane Bonander""","""1993"""
0747536708,"""Soft""","""Rupert Thomson""","""0"""
0449223132,"""Brazil""","""John Updike""","""1995"""
0307070735,"""Chicken Little (A Golden tell-a-tale book)""","""Rita Walsh""","""1990"""
0671657615,"""Adopt the Baby You Want""","""Michael Sullivan""","""1990"""
0590474634,"""Second-Grade Friends""","""Miriam Cohen""","""1993"""
030700113X,"""Walt Disney's Lady and the Tramp (Little Golden Book)""","""Teddy Slater""","""1991"""
096522001X,"""The Divinity Student (Buzzcity Press First Editions)""","""Michael Cisco""","""1999"""
0446670588,"""Official Slacker Handbook""","""Sarah Dunn""","""1994"""
1840672447,"""Elementary Tarot""","""Roberta Peters""","""2000"""
0813523931,"""Scribbling Women: Short Stories by 19th Century American Women""","""Elaine Showalter""","""1997"""
0374115478,"""The Book of Intimate Grammar""","""David Grossman""","""1994"""
0140185895,"""Collected Short Stories (Penguin Twentieth-Century Classics)""","""W. Somerset Maugham""","""1977"""
0451147723,"""A Roman Tale""","""Carroll Baker""","""1987"""
0821754858,"""Tapestry""","""Karen Ranney""","""1996"""
0373387113,"""Taking On Twins (The Coltons)""","""Carolyn Zane""","""2002"""
3446214380,"""Marketing- und Vertriebssteuerung. Planung und Kontrolle mit Kennzahlen und Balanced Scorecard.""","""Andreas PreiÃ?Â?ner""","""2000"""
0778320766,"""Dead Easy (Mira)""","""Olga Bicos""","""2004"""
0938151541,"""The Little PC Book""","""Lawrence J. Magid""","""1993"""
0345332652,"""The Curse of Slagfid""","""Elizabeth H. Boyer""","""1989"""
0394757688,"""The Long Goodbye (Vintage Crime/Black Lizard)""","""Raymond Chandler""","""1992"""
0563487380,"""Colin Jackson: The Autobiography""","""Colin Jackson""","""2003"""
189441330X,"""Curling for Dummies (For Dummies)""","""Bob  Weeks""","""2002"""
0449216225,"""The Dolphin Doctor""","""Sam Ridgway""","""1988"""
0670813001,"""When Baby Went to Bed""","""Susan Pearson""","""1987"""
0618154574,"""Changes at Fairacre""","""Miss Read""","""2001"""
0801494281,"""Opera and Ideas: From Mozart to Strauss""","""Paul Robinson""","""1986"""
0764501224,"""Visual Basic 5 for Windows for Dummies (For Dummies (Computers))""","""Wally Wang""","""1997"""
044652154X,"""Mortal Sins""","""Penn Williamson""","""2000"""
0674931505,"""The Use of Poetry and the Use of Criticism: Studies in the Relationship of Criticism to Poetry in England (Charles Eliot Norton Lectures for 1932-33)""","""T. S. Eliot""","""1986"""
0312270313,"""Let's Go Britain and Ireland 2002""","""Matthew B. Sussman""","""2001"""
189295012X,"""Safety of Unknown Cities""","""Lucy Taylor""","""1999"""
0892562900,"""Letitia Baldrige's Complete Guide to Executive Manners""","""Letitia Baldrige""","""1985"""
0449007200,"""Give the Dog a Bone""","""Leslie O'Kane""","""2002"""
0671698788,"""SURRENDER NONE: THE LEGACY OF GIRD : SURRENDER NONE: THE LEGACY OF GIRD""","""Elizabeth Moon""","""1990"""
3423206306,"""Malcolm und ich.""","""William J. Thomas""","""2003"""
0563551011,"""Changing Rooms""","""Linda Barker""","""1999"""
1860110886,"""Ireland""","""Catharina Day""","""1998"""
0931787483,"""Conflict of Interests""","""Rick D. Stuart""","""1986"""
0786006528,"""Fade to Black""","""Wendy Corsi Staub""","""1999"""
0425184935,"""An Opening for Murder (Maggie Kean Mysteries (Hardcover))""","""Nageeba Davis""","""2002"""
0964392690,"""Leah's Way""","""Richard Botelho""","""2004"""
0020423802,"""Beyond the Burning Lands""","""John Christopher""","""1974"""
0312264917,"""The Marsh King's Daughter""","""Elizabeth Chadwick""","""2000"""
0671576925,"""Lawrence Sanders: McNally's Dilemma : An Archy McNally Novel (Archy McNally Novels (Audio))""","""Vincent Lardo""","""1999"""
1567310931,"""Journeys to the Twilight Zone""","""Rod Serling""","""1996"""
0773673431,"""The watch that ends the night (New press Canadian classics)""","""Hugh MacLennan""","""1998"""
0061080632,"""Morning Comes Softly (Harper Monogram)""","""Debbie Macomber""","""1993"""
0553281747,"""Mona Lisa Overdrive (Bantam Spectra Book)""","""William Gibson""","""1989"""
0151689954,"""On drink""","""Kingsley Amis""","""1973"""
1587150085,"""Discovering Modern Horror Fiction II""","""Darrell Schweitzer""","""1988"""
0517338416,"""Dashiell Hammett: Five Complete Novels""","""Dashiell Hammett""","""1987"""
1559501065,"""Secrets of a Super Hacker""","""Knightmare""","""1994"""
0297607871,"""Blur""","""Michelle Berry""","""2003"""
1558217479,"""The Outward Bound Map &amp"," Compass Handbook""","""Glenn Randall"""
1570540535,"""Friendship Bracelets""","""Laura Torres""","""1996"""
0141007966,"""The Bay of Contented Men""","""Robert Drewe""","""2002"""
0787290939,"""Texas Public School Organization and Administration: 2002""","""James Vornberg""","""2002"""
0816027072,"""Key Ideas in Human Thought""","""Kenneth McLeish""","""1993"""
0689811691,"""Henry and Mudge and the Snowman Plan : The Nineteenth Book of Their Adventures (Henry &amp"," Mudge)""","""Cynthia Rylant"""
0739417525,"""Heartless""","""Kat Martin""","""2001"""
1857326911,"""Pocket Beer Book: 96""","""Michael Jackson""","""1995"""
0395633257,"""The Best American Sports Writing 1994 (Best American Sports Writing (Paperback))""","""Tom Boswell""","""1994"""
0723236976,"""Observer's Book of Aircraft (Observer's Pocket S.)""","""William Green""","""1991"""
0312269315,"""A Cold Christmas""","""Charlene Weir""","""2001"""
3473580112,"""Das kurze Leben der Sophie Scholl. ( Ab 13 J.).""","""Hermann Vinke""","""1997"""
0515089869,"""Self Love""","""Robert Schuller""","""1997"""
0312183011,"""Radio On : A Listener's Diary""","""Sarah Vowell""","""1997"""
0847803708,"""Art in the Ancient World: A Handbook of Styles and Forms""","""P. Amiet""","""1981"""
0399522360,"""Signing Everyday Phrases""","""Mickey Flodin""","""1996"""
0552994650,"""Stripping Penguins Bare""","""Michael Carson""","""1992"""
0345320220,"""The Empire Strikes Back (Star Wars)""","""Donald F. Glut""","""1994"""
0523417462,"""Falcon Fury""","""Katherine Yorke""","""1982"""
0373511949,"""The Pirate And His Lady""","""Margaret St. George""","""2002"""
0141311339,"""Esio Trot (Puffin Fiction)""","""Roald Dahl""","""2001"""
0671559923,"""LONG MYND""","""Edward Hughes""","""1985"""
226403338X,"""PÃ?Â¨lerin de la haine""","""Peters""","""2002"""
0140621164,"""Selected Tales (Penguin Popular Classics)""","""Edgar Allan Poe""","""1994"""
0316777129,"""Living With the Dead: Twenty Years on the Bus With Garcia and the Grateful Dead""","""Rock Scully""","""1995"""
0590408488,"""Going on Twelve""","""Candice F. Ransom""","""1988"""
0316313114,"""Drunk With Love: A Book of Stories""","""Ellen Gilchrist""","""1986"""
1582402094,"""Clerks: The Comic Books""","""Kevin Smith""","""2001"""
0446608971,"""The Naked God Part 1 : Flight (Naked God)""","""Peter F. Hamilton""","""2000"""
0525462694,"""My Side of the Mountain Trilogy""","""Jean Craighead George""","""2000"""
0140372954,"""The Changeover (Puffin Teenage Fiction S.)""","""Margaret Mahy""","""1995"""
0842378480,"""We're Finally Alone: Now What Do We Do?""","""Greg Johnson""","""1996"""
0333669363,"""The Trouble With Single Women""","""Yvonne Roberts""","""1997"""
0689714823,"""Cofa Sacagawea : American Pathfinder (Childhood Of Famous Americans)""","""Flora Warren Seymour""","""1991"""
0590457551,"""Between Two Worlds""","""Candice F. Ransom""","""1994"""
0380703319,"""The Grub-And-Stakers Move a Mountain""","""Charlotte MacLeod""","""1987"""
0967978602,"""Jennie's Reprisal: A Soul's Evolution from Atlantis to Eternity""","""Carol Bennett""","""2000"""
0380765942,"""Ice by Ice: The Vanilla Ice Story in His Own Words""","""Vanilla Ice""","""1991"""
0671543903,"""7 SILENT MEN""","""Noel Behn""","""1985"""
0345391136,"""A Small Sacrifice: A Jane Lawless Mystery (Jane Lawless Mysteries (Paperback))""","""Ellen Hart""","""1996"""
043901123X,"""How to Handle Your Teacher (How to Handle S.)""","""Roy Apps""","""1999"""
1850152713,"""The Fanatic's Guide to Computers""","""Roland Fiddy""","""2000"""
074346446X,"""Shout Down the Moon""","""Lisa Tucker""","""2004"""
0486406504,"""Lord Jim (Dover Thrift Editions)""","""Joseph Conrad""","""1999"""
0380718049,"""Brain Child""","""George Turner""","""1992"""
0805052534,"""If Aristotle Ran General Motors""","""Thomas V. Morris""","""1998"""
0142400017,"""Catalyst""","""Laurie Halse Anderson""","""2003"""
0425054918,"""Possible Dream""","""Charles Paul Conn""","""1982"""
0786709618,"""The Diary of a Country Priest: A Novel""","""Georges Bernanos""","""2002"""
1403325383,"""600 Crises or Growing Up Italian""","""Carol Olivieri Schulte""","""2002"""
0553378228,"""Touched""","""Scott Campbell""","""1997"""
0394711955,"""Among the Believers: An Islamic Journey""","""V.S. NAIPAUL""","""1982"""
3858423416,"""Das gefrorene Meer: Roman""","""Judith Giovannelli-Blocher""","""1999"""
0805016872,"""On Writing: Advice for Those Who Write to Publish (Or Would Like to)""","""George V. Higgins""","""1991"""
0679767878,"""The Man Without Qualities Vol. 1: A Sort of Introduction and Pseudo Reality Prevails""","""ROBERT MUSIL""","""1996"""
0394621336,"""Escape from Auschwitz: I Cannot Forgive""","""Rudolph Vrba""","""1986"""
0155625136,"""The Modern Researcher""","""Jacques Barzun""","""1992"""
2867141648,"""Qigong""","""GÃ?Â©rard Edde""","""1998"""
345502498X,"""Die Jury""","""John Grisham""","""1998"""
0500276455,"""The Middle Ages: A Concise Encyclopedia""","""H. R. Lyon""","""1991"""
0879801832,"""Arabian Horse""","""Reginald Summerhays""","""1969"""
0440183057,"""Stillwatch""","""MARY HIGGINS CLARK""","""1986"""
1574862189,"""Gooseberry Patch Christmas - Book 3""","""Leisure Arts""","""2001"""
0425071650,"""Shatterday""","""Harlan Ellison""","""1983"""
0465029973,"""Ai: The Tumultuous History of the Search for Artificial Intelligence""","""Daniel Crevier""","""1993"""
0586080953,"""How Things Work: The Universal Encyclopedia of Machines""","""C. van Amerongen (translator)""","""1972"""
0671545140,"""LEADERSHIP SECRETS OF THE ROGUE WARRIOR""","""Richard Marcinko""","""1997"""
0373263988,"""Dark Coulee (Worldwide Library Mysteries)""","""Mary Logue""","""2001"""
0425167836,"""Death on Black Dragon River""","""Christopher West""","""1999"""
0878223517,"""Break It Up: A Teacher's Guide to Managing Student Aggression""","""Arnold P. Goldstaine""","""1995"""
0373770200,"""Once In Paris""","""Diana Palmer""","""2004"""
3423004371,"""Wanderer Kommst Du Nach Spa""","""Heinrich Boll""","""0"""
3426607042,"""Des Maurern Letzter Seufzer""","""Rushdie""","""0"""
0140136908,"""History of Economic Thought (Penguin Economics)""","""William J. Barber""","""1992"""
0750517824,"""The Long Way Home""","""Jessica Blair""","""2002"""
0747560552,"""The Magistrate's Tale""","""Trevor Grove""","""2002"""
0743475380,"""Icaro (Book 1)""","""Jiro Taniguchi""","""2003"""
1567404103,"""Angels Flight (Detective Harry Bosch Mysteries)""","""Michael Connelly""","""1999"""
0345386310,"""State of Mind""","""JOHN KATZENBACH""","""1997"""
0060628332,"""Richard J. Foster's Study Guide for Celebration of Discipline""","""Richard J. Foster""","""1983"""
0195197542,"""The Speaking Tree: A Study of Indian Culture and Society (Galaxy Book)""","""Richard Lannoy""","""1974"""
3442725739,"""Ã?Â?stlich der Berge.""","""David Guterson""","""2000"""
0139513108,"""User's Reference Manual/System Administrator's Reference Manual (Commands a-L for Intel Processors : Unix System V Release 4)""","""UNIX System Laboratories""","""1992"""
1559705612,"""The Queen &amp"," Di : The Untold Story""","""Ingrid Seward"""
0967822181,"""The Law of Three: A Rowan Gant Investigation""","""M. R. Sellars""","""2003"""
0670875988,"""Edith Shay""","""A. LaFaye""","""1998"""
0312862334,"""Guinevere (Guinevere)""","""Sharan Newman""","""1996"""
0920620213,"""British Columbia""","""Carol Baker""","""1982"""
0812540239,"""The Mongoose Man""","""Nicholas Van Pelt""","""2000"""
0684844850,"""UNEARNED PLEASURES AND OTHER STORIES""","""Ursula Hegi""","""1997"""
0671681559,"""Sahara""","""Clive Cussler""","""1992"""
0809239361,"""\""And Then Jack Said to Arnie...\"": A Collection of the Greatest True Golf Stories of All Time""","""Don  Wade""","""1992"""
078531038X,"""Little Engine Little Play-A-Sound""","""Internatl Publications""","""1994"""
0395962757,"""Fuentes: Lectura Y Redaccion""","""Donald N. Tuten""","""2000"""
848310881X,"""Mercado De Barcelo (Textos En El Aire)""","""Almudena Grandes""","""2003"""
0821766937,"""After Dark""","""Beverly Barton""","""2000"""
1571517138,"""Sparkle Basket Book""","""Jackie Wolf""","""2003"""
0440295742,"""Nothing But the Truth""","""John T. Lescroart""","""1999"""
0697248453,"""Group Processes in the Classroom""","""Richard A. Schmuck""","""1996"""
068480445X,"""SHORT STORIES OF F. SCOTT FITZGERALD : A New Collection""","""F. Scott Fitzgerald""","""1995"""
0515074020,"""Main""","""Trevanian""","""1983"""
0874870216,"""Art of French Horn Playing""","""Philip Farkas""","""1956"""
2890372626,"""Contes de feu: Nouvelles (Collection LittÃ©rature d'AmÃ©rique)""","""Pierre Goulet""","""1985"""
0552995428,"""Sweet Thames""","""Matthew Kneale""","""1993"""
0373484909,"""Secret Star""","""Nora Roberts""","""2001"""
0671525794,"""The Kingdom by the Sea: A Journey Around Great Britain""","""Paul Theroux""","""1984"""
0156003368,"""Rootie Kazootie (Harvest Book)""","""Lawrence Naumoff""","""1996"""
0373047231,"""One Wedding Night (Montana Brides)""","""Karen Hughes""","""2001"""
0843920831,"""Heart's Landing""","""Robin Lee Hatcher""","""1984"""
155896388X,"""The Unitarian Universalist Pocket Guide""","""John A. Buehrens""","""1999"""
0449128180,"""Pirate Royale""","""Cordia Byers""","""1986"""
0860519252,"""We Danced All Night""","""Barbara Cartland""","""1995"""
0887307868,"""Up the Loyalty Ladder: Turning Sometime Customers into Full-Time Advocates of Your Business""","""Murray Raphel""","""1996"""
8401327350,"""LeÃ³n Bocanegra""","""Alberto VÃ¡zquez-Figueroa""","""1998"""
038071504X,"""Stars  Co""","""Kathryn Harvey""","""1993"""
0892815450,"""Birth Without Violence: The Book That Revolutionalized the Way We Bring Our Children into the World""","""Frederick Leboyer""","""1995"""
0744506492,"""The Funfair of Evil (Which Way?)""","""Patrick Burston""","""1986"""
0136571972,"""The perennial avantgarde""","""Gerald Sykes""","""1971"""
0811720764,"""Field Guide to Medicinal Wild Plants""","""Bradford Angier""","""1978"""
0553486675,"""Too Popular (Sweet Valley Jr. High No. 9)""","""Jamie Suzanne""","""1999"""
0449209830,"""Mrs. Pollifax and the Hong Kong Buddha""","""Dorothy Gilman""","""1988"""
0060166932,"""Lost Boys""","""Orson Scott Card""","""1992"""
1853754358,"""Complete Nutrition (New Edition)""","""Michael Sharon""","""2001"""
0786889322,"""I'm Not Really Here""","""Tim Allen""","""1997"""
9999980538,"""Murphy's Law""","""Colin Bateman""","""2002"""
0771076002,"""Remembering Peter Gzowski : A Book of Tributes""","""EDNA BARKER""","""2002"""
0871318865,"""Dr Atkins New Diet Revolution""","""Robert C. Atkins""","""1999"""
0582061725,"""The Longman Companion to Cold War and Detente 1941-91 (Longman Companions to History)""","""John W. Young""","""1993"""
0871238810,"""The Lady's Confession""","""George S. MacDonald""","""1986"""
0312270453,"""Let's Go Europe 2002""","""Harriett Green""","""2001"""
8476811756,"""De brumas y de veras: La crÃ­tica literaria en los periÃ³dicos (Saio eta testigantza)""","""VÃ­ctor Moreno""","""1994"""
0800787013,"""Say Good-Bye to Stress""","""Kevin Leman""","""2002"""
0671252070,"""DONAHUE""","""Phil Donahue""","""1980"""
0743526716,"""The Ultimate Weight Solution: The 7 Keys to Weight Loss Freedom""","""Phil McGraw""","""2003"""
038075570X,"""Arabesques II""","""Susan Shwartz""","""1989"""
0778321169,"""The Baby Farm (Mira)""","""Karen Harper""","""2004"""
1858338549,"""Timelines of World History""","""Susan Imhoff""","""1998"""
037363207X,"""Omega Book #1: War Machine (Omega Book No. 1)""","""Goodyear Roger""","""1993"""
1418420670,"""Not My Father's War""","""R. M. Leich""","""2004"""
0763605573,"""The Emperor's Egg""","""Martin Jenkins""","""1999"""
0867193956,"""Dinners and Nightmares""","""Diane Di Prima""","""1998"""
0380017997,"""Lady Oracle""","""Margaret Eleanor Atwood""","""1978"""
185230071X,"""Managing Stress: The Practical Guide to Using Stress Positively""","""Ursula Markham""","""1990"""
0440459419,"""The Return of the Great Brain""","""JOHN FITZGERALD""","""1975"""
0963847236,"""I Wish for You a Beautiful Life: Letters from the Korean Birth Mothers of Ae Ran Won to Their Children""","""Sara Dorow""","""1999"""
0345424611,"""Parallelities""","""Alan Dean Foster""","""1998"""
0821749633,"""Beyond Forever""","""Rosalyn Alsobrook""","""1995"""
1586601393,"""New Mexico Sunset: Generations Are Sustained by Faith and Love in Four Complete Novels""","""Tracie Peterson""","""2001"""
044100931X,"""Another Fine Myth/Myth Conceptions""","""Robert Asprin""","""2002"""
3499223910,"""Weiberroman. Historisch-kritische Gesamtausgabe.""","""Matthias Politycki""","""1999"""
0440586585,"""TIPS FOR TODDLERS""","""BROOKE BEEBE""","""1987"""
0747542333,"""Model Behaviour""","""Jay Mcinerney""","""0"""
2869305729,"""La reine de la nuit""","""Marc Behm""","""1992"""
0553202960,"""Coming Currency Collapse""","""Jerome F. Smith""","""1981"""
0394728041,"""Lying Moral Choice In Public and Private L""","""Sissela Bok""","""1979"""
0722138881,"""Lovers""","""Suzanne Goodwin""","""1990"""
0395816521,"""The Stonewalkers""","""Vivien Alcock""","""1998"""
0833563513,"""Interview With the Vampire (Vampire Chronicles (Paperback))""","""Anne Rice""","""1999"""
8470307002,"""Retrato de Dorian Gray""","""Oscar Wilde""","""2000"""
0451519159,"""Fathers and Sons""","""Ivan Sergeevich Turgenev""","""1961"""
0517029618,"""Relativity: The Special and the General Theory--A Clear Explanation that Anyone Can Understand""","""ALBERT EINSTEIN""","""1988"""
0842308024,"""Elizabeth Gail and the Holiday Mystery""","""Hilda Stahl""","""1982"""
0399140522,"""Hanging Up""","""Delia Ephron""","""1995"""
0373023529,"""Hostage to Dishonour""","""Jessica Steele""","""1979"""
0743488318,"""Darkness and Dawn""","""Andre Norton""","""2004"""
0316096865,"""Poe a Biography""","""W. Bittner""","""1971"""
0689704135,"""MRS FRISBY AND THE RATS OF NIMH""","""Robert C. O'Brien""","""1975"""
0864923422,"""Tent of Blue""","""Rachael Preston""","""2002"""
0929987268,"""Do You Know What I Know?: The Symbols of Christmas""","""Jim Cook""","""1997"""
0440409411,"""The Castle in the Attic""","""ELIZABETH WINTHROP""","""1986"""
0030790980,"""Business Communications Principles and Processes""","""Cullinan""","""1994"""
0345296826,"""A Tapestry of Magics""","""Brian Daley""","""1983"""
057003602X,"""Jeff and the bad guy (Her A Haley adventure book)""","""Aleda Renken""","""1973"""
0822006065,"""Twain's Huckleberry Finn (Cliffs Notes)""","""J. L. Roberts""","""1989"""
0451169751,"""A Wife for Warminster (Signet Regency Romance)""","""Margaret Summerville""","""1991"""
3499129744,"""Gebrochene Herzen oder Mein erster bis elfter Mord. ( neue frau).""","""Milena Moser""","""1991"""
0874779219,"""The Science of Mind""","""Ernest Holmes""","""1998"""
0140123318,"""American Garden Writing: Gleanings from Garden Lives Then and Now""","""Bonnie Marranca""","""1989"""
0895297914,"""Coping With Mild Traumatic Brain Injury (Coping With...)""","""Diane Roberts Stoler""","""1998"""
0741410060,"""Wake Up Barbara and Help Me Find this Snake""","""Barbara Watson""","""2002"""
0679433422,"""Maxwell's Demon: Why Warmth Disperses and Time Passes""","""Hans Christian Von Baeyer""","""1999"""
0890813736,"""God's Design for Christian Dating""","""Greg Laurie""","""1983"""
1887392114,"""Tales of the Rational : Skeptical Essays About Nature and Science""","""Massimo Pigliucci""","""2000"""
091336794X,"""The Useful Proverbs""","""Kathy Collard Miller""","""1997"""
0553378260,"""Rita Will: Memoir of a Literary Rabble-Rouser""","""Rita Mae Brown""","""1999"""
0877735840,"""IN HER IMAGE""","""KATHIE CARLSON""","""1990"""
0816743231,"""Chocolate Daze""","""Elaine Moore""","""1997"""
0486206173,"""Rubinstein's Chess Masterpieces""","""Akiba Rubinstein""","""1941"""
0517701901,"""Laura Ashley Color: Using Color to Decorate Your Home""","""Susan Berry""","""1995"""
0231086032,"""Sources of Chinese Tradition (Unesco Collection of Representative Works. Chinese Series)""","""William Theodore De Bary""","""1964"""
057121861X,"""Dart""","""Alice Oswald""","""2003"""
039912764X,"""Godplayer""","""Robin Cook""","""1983"""
0786010002,"""Cat's Eye""","""William Johnstone""","""1999"""
0440613965,"""The Black Marble""","""Joseph Wambaugh""","""1998"""
1856979377,"""Flying and Floating (Science Facts and Experiments)""","""David Glover""","""1993"""
1890208558,"""The Merry Devils""","""Edward Marston""","""2001"""
0394513126,"""Extinction: The Causes and Consequences of the Disappearance of Species""","""Paul R. Ehrlich""","""1981"""
0307100723,"""The Ernie &amp"," Bert Book (Golden Super Shape Book)""","""Norman Stiles"""
0880015519,"""Daughters of Captain Cook""","""Linda Spalding""","""1997"""
0373484267,"""Morgan'S Mercenaries: Heart Of Stone""","""Lindsay Mckenna""","""2001"""
0895778718,"""New Fix-It-Yourself Manual""","""Reader's Digest""","""1996"""
0060959622,"""You Just Don't Understand: Women and Men in Conversation""","""Deborah Tannen""","""2001"""
0141309733,"""When No One Was Looking""","""Rosemary Wells""","""2000"""
0898868548,"""Don't Get Sick: The Hidden Dangers of Camping and Hiking""","""Buck Tilton""","""2002"""
002542730x,"""Politically Correct Bedtime Stories: Modern Tales for Our Life and Times""","""James Finn Garner""","""1994"""
0312874251,"""Executive Privilege""","""Jay Brandon""","""2001"""
0571069770,"""Murder in the Cathedral""","""T. S. Eliot""","""1938"""
1852833920,"""Quantum Leap: Beginnings""","""Ashley McConnell""","""1994"""
B0000C2W5U,"""Femme Fatale: Famous Beauties Then and Now""","""Serge Normant""","""2001"""
0684835789,"""The Moral Compass: Stories for a Life's Journey""","""William J. Bennett""","""1996"""
3499231743,"""Die Spur im Meer.""","""Willy Josefsson""","""2002"""
1569314195,"""Pokemon Tales : Where's Clefairy's Voice? (Pokemon Tales)""","""Junko Wada""","""1999"""
0671617664,"""Time's Arrows : Scientific Attitudes Toward Time""","""Richard Morris""","""1986"""
014014921X,"""Titmuss Regained""","""John Mortimer""","""1998"""
1853262757,"""Mr Sponge's Sporting Tour""","""R. S. Surtees""","""1999"""
1589801288,"""Fisherman's Tackle Box Bible""","""Frank Davis""","""2003"""
0393046257,"""Degrees of Love""","""Rachel Basch""","""1998"""
0816136610,"""Story Bible""","""Pearl S. Buck""","""1984"""
0595239161,"""Wildflower""","""Carl Rafala""","""2002"""
0785266968,"""The Dead Detective : A Sam and Vera Sloan Mystery (Sam and Vera Sloan Mystery)""","""Robert L. Wise""","""2002"""
0812551060,"""The Sable Doughboys""","""Tom Willard""","""1998"""
2020550776,"""Le CimetiÃ?Â¨re des bateaux sans nom""","""Arturo PÃ?Â©rez-Reverte""","""2002"""
0440219353,"""Land of Dreams (Ellis Island)""","""Lowery Joan Nixon""","""1995"""
0896080439,"""Creative Difference: Profiles of Hollywood Dissidents""","""Barbara Zheutlin""","""1978"""
0933121245,"""Book of African Names""","""Osuntoki""","""1990"""
0812017706,"""Japanese for the Business Traveler (Barron's Business Travelers)""","""Nobuo Akiyama""","""1994"""
0393962903,"""The Norton Anthology of English Literature (Norton Anthology of English Literature (Paperback))""","""M. H. Abrams""","""1993"""
0140038620,"""Home to the Wilderness: A Personal Journey""","""S. Carrighar""","""1974"""
0151302014,"""Famous for Fifteen Minutes: My Years With Andy Warhol""","""Isabelle Dufresne""","""1988"""
1566195500,"""White Fang ",": And Call of the wild""","""Jack London"""
0425044734,"""Funeral in Berlin""","""Len Deighton""","""1980"""
0671830570,"""CERTAIN SLANT LGHT""","""Margaret Bonanno""","""1980"""
0312026455,"""Stilled life""","""Mikel Dunham""","""1989"""
0974766100,"""Hand of Wisdom""","""Mona Dietrich""","""2004"""
0380002221,"""Jane""","""Dee Wells""","""1978"""
1572971533,"""For the Love of Cheese""","""The Editors of Might Magazine""","""1996"""
0425175235,"""Mind over Back Pain: A Radically New Approach to the Diagnosis and Treatment of Back Pain""","""John E. Sarno""","""1999"""
0843927801,"""Eden's Promise""","""Cassie Edwards""","""1989"""
0156118610,"""Best Of Bad Hemingway: Vol 1: choice entries from the harry's bar &amp"," american grill imitation hemingway competition""","""Ernest Hemingway"""
187009879X,"""The Organic Baby Book: How to Plan and Raise a Healthy Child""","""Tanyia Maxted-Frost""","""1999"""
2266092014,"""Pharricide""","""Vincent de Swarte""","""1999"""
0486251853,"""Hugger-Mugger in the Louvre: A Homer Evans Murder Mystery (Dover Mystery Classics Series)""","""Elliot Paul""","""1986"""
1888952288,"""Who's on First: A Blackford Oakes Mystery (Blackford Oakes Novel)""","""William F. Buckley""","""1997"""
2253001414,"""L'Aiguille creuse""","""Maurice Leblanc""","""1973"""
0671751557,"""The Causes of the Civil War : Revised Edition""","""Kenneth Milton Stampp""","""1992"""
0674990633,"""Hesiod: The Homeric Hymns and Homerica (Loeb Classical Library #57)""","""Hesiod""","""1936"""
0440440629,"""Iggie's House""","""JUDY BLUME""","""1975"""
0312307721,"""Shakedown Beach : A Mystery""","""Eric Dezenhall""","""2004"""
0822514621,"""Morning Glories (Nature Science Books)""","""Sylvia A. Johnson""","""1985"""
0671661582,"""MONEY DYNAMICS FOR THE 1990'S""","""Venita Vancaspel""","""1988"""
0002005050,"""The Romantic""","""Barbara Gowdy""","""2003"""
0380715686,"""Some Days You Get the Bear""","""Lawrence Block""","""1994"""
1575664089,"""The Cincinnati Red Stalkings""","""Troy Soos""","""1999"""
0060957328,"""American Pie : Slices of Life (and Pie) from America's Back Roads""","""Pascale Le Draoulec""","""2003"""
0060933267,"""The Ethics of Star Trek""","""Judith Barad""","""2001"""
0880014563,"""Bells in Winter""","""Czeslaw Milosz""","""1996"""
0316148962,"""Sneakers Meet Your Feet (How the World Works)""","""Vicki Cobb""","""1985"""
0600559211,"""Golden Treasury of Songs and Lyrics""","""Francis Palgrave""","""0"""
0312181094,"""A Heart Turned East: Among the Muslims of Europe and America""","""Adam Lebor""","""1998"""
0439188741,"""The Custodian from the Black Lagoon (Black Lagoon)""","""Mike Thaler""","""2001"""
0373245793,"""The Marrying MacAllister : The Baby Bet:  MacAllisters Gifts (Special Edition)""","""Joan Elliot Pickart""","""2003"""
1568304161,"""Photoshop Magic: Expert Edition""","""Brendon Perkins""","""1997"""
0590509594,"""Bull Catcher""","""Alden R. Carter""","""2000"""
0152339000,"""Hey-How for Halloween!""","""Lee Bennett Hopkins""","""1974"""
0843951877,"""The Cowboy Who Came Calling""","""Linda Broday""","""2003"""
3426624583,"""Echo vergangener Tage. Sonderausgabe.""","""Maeve Binchy""","""2002"""
0345251377,"""The Star trek concordance""","""Bjo Trimble""","""1976"""
0395893631,"""The Long-Winded Lady: Notes from the New Yorker""","""Maeve Brennan""","""1998"""
8420698105,"""Demonios""","""Fedor M. Dostoyevski""","""1998"""
0671882988,"""ROSEBUD : ROSEBUD""","""Faye Adams""","""1994"""
0312078080,"""Inhumane Society: The American Way of Exploiting Animals""","""Michael Fox""","""1992"""
340414466X,"""Der Sintfluter.""","""James Douglas""","""2001"""
0312966628,"""Legend (Legend)""","""Laura Baker""","""1998"""
0684857952,"""Sunday You Learn How to Box : A Novel""","""Bil Wright""","""2000"""
0802860613,"""Lilith""","""George MacDonald""","""1981"""
0449208508,"""Vida""","""Narge Piecy""","""1985"""
0688061443,"""Police Confidential""","""Danny Quatrochi""","""1986"""
0590417088,"""The Secret of Nimh""","""Robert C. O'Brien""","""1995"""
0345388267,"""Power Play""","""Anne McCaffrey""","""1995"""
0441006639,"""The Book of Merlyn""","""T. H. White""","""1999"""
0440472415,"""Ramona and Her Father (Ramona Quimby (Paperback))""","""Beverly Cleary""","""1979"""
0375503773,"""A Song I Knew by Heart : A Novel""","""BRET LOTT""","""2004"""
0425042235,"""The Mountain King""","""George Ernsberger""","""1979"""
0525152946,"""The Marmalade Man""","""Charlotte Vale Allen""","""1981"""
0871401215,"""Xaipe""","""Edward Estlin Cummings""","""1979"""
042516263X,"""Alaskan Gold""","""Robert Reese""","""1998"""
3453092872,"""Der LÃ?Â¼gner.""","""Stephen Fry""","""1996"""
2070388174,"""L'annÃ?Â©e des cinq saisons""","""Avraham B Yehoshua""","""1993"""
1561706388,"""Whose Face Is in the Mirror?: The Story of One Woman's Journey from the Nightmare of Domestic Abuse to True Healing""","""Dianne Schwartz""","""2000"""
0132022192,"""Destination Freedom a Time Travel Adventure Stage I Departure Instruction""","""Douglas Mahr""","""1988"""
0448102137,"""Goldilocks and the Three Bears""","""Jane Dyer""","""1984"""
1861590466,"""The Emerald Underground""","""Michael Collins""","""1998"""
0440503531,"""The Ultimate Dracula: New Stories by Some of the World's Leading Authors""","""Byron Preiss""","""1991"""
0708961274,"""Mouth of Truth (Linford Romance)""","""Isobel Chace""","""1985"""
0152164928,"""Troy""","""Adele Geras""","""2001"""
038055657X,"""High Crimes and Misdemeanors""","""Joanne Greenberg""","""1981"""
0761506411,"""Writers.Net: Every Writer's Essential Guide to Online Resources and Opportunities""","""Gary Gach""","""1997"""
0671705261,"""ZOMBIES GENE POOL""","""Sharyn Mccrumb""","""1992"""
0060167688,"""After All These Years""","""Susan Isaacs""","""1993"""
014017799X,"""Meditations for Cats Who Do Too Much""","""Michael Cader""","""1993"""
0553050788,"""Frontier""","""Louis L'Amour""","""1984"""
0373226209,"""The Lawman Who Loved Her (Harlequin Intrigue 620)""","""Mallory Kane""","""2001"""
0440216230,"""Sign of the Beaver""","""Elizabeth George Speare""","""1995"""
1883523362,"""Those Jordan Girls""","""Joan M. Drury""","""2000"""
0812966732,"""Lazy B: Growing Up on a Cattle Ranch in the American Southwest""","""Sandra Day O'Connor""","""2003"""
0312864949,"""Thunder on the Mountain""","""David Poyer""","""1999"""
1882413601,"""Nobody's Hell""","""Douglas Goetsch""","""1999"""
0746029993,"""Rocks and Minerals Sticker Book (Spotter's Guide Sticker Books Series)""","""Alan Woolley""","""1998"""
0446673315,"""Trends 2000 : How to Prepare for and Profit from the Changes of the 21st Century""","""Gerald Celente""","""1998"""
0965061310,"""Knowledge Web""","""James Burke""","""1999"""
0887248217,"""Daily Math Warm-Ups""","""Mj Owen""","""2002"""
0851156630,"""The  Knight and Chivalry : Revised edition""","""Richard Barber""","""2000"""
3442443881,"""Die Jagdpartie.""","""John Sandford""","""1999"""
2013219466,"""Les Derniers Jours de Pompei""","""E. Bulwer Lytton""","""2002"""
0380795558,"""Looking for a Hero (Avon Light Contemporary Romances)""","""Patti Berg""","""1998"""
0831718021,"""Casseroles (Country Kitchen Cookbooks)""","""Jenni Fleetwood""","""1987"""
0451409906,"""Nailed""","""Lucy Taylor""","""2001"""
1575664941,"""Here and Now""","""Kimberla Lawson Roby""","""2000"""
0670036013,"""Where's Mary's Hat?""","""Stephane Barroux""","""2003"""
3596112664,"""Der Tod in Venedig: Novelle""","""Thomas Mann""","""1995"""
0553574558,"""To Play the Fool""","""Laurie R. King""","""1996"""
1567188036,"""Feng Shui for Beginners: Successful Living by Design (For Beginners)""","""Richard Webster""","""1997"""
8506503787,"""O Meu Pe De Laranja Lima""","""Jose Mauro De Vasconcelos""","""1993"""
843392012X,"""Desde El Jardin""","""Jerzy Kosinski""","""1998"""
1565115279,"""Red Poppies""","""Alai""","""2002"""
0393036502,"""Color Is the Suffering of Light: A Memoir""","""Melissa Green""","""1995"""
2020063468,"""Le Voyage indiscret""","""Katherine Mansfield""","""1983"""
077832043X,"""Dark Road Home (Mira)""","""Karen Harper""","""2004"""
0312148240,"""The Empire State Building: The Making of a Landmark""","""John Tauranac""","""1997"""
0451212401,"""Love and Meatballs""","""Susan Volland""","""2004"""
0739306510,"""The Last Juror""","""JOHN GRISHAM""","""2004"""
0743435265,"""Code of the Lifemaker""","""James P. Hogan""","""2002"""
0746001657,"""Improve Your Running Skills (Usborne Superskills)""","""Susan Peach""","""1990"""
3880227020,"""Die GlÃ¼cklichen: Schelmenroman (Aus der Reihe)""","""Peter-Paul Zahl""","""1979"""
0395203600,"""The American Heritage dictionary of the English language""","""American Heritage""","""1978"""
226000704X,"""La Bellarosa Connection""","""Saul Bellow""","""1991"""
0061043982,"""Grey Mask (A Miss Silver Mystery)""","""Patricia Wentworth""","""1996"""
1854591983,"""The Way of the World (Drama Classics)""","""William Congreve""","""1996"""
0849908647,"""He Still Moves Stones""","""Max Lucado""","""1993"""
0312077866,"""Radio Waves: Life and Revolution on the Fm Dial""","""Jim Ladd""","""1992"""
042516540X,"""The Cat Who... Companion""","""Sharon A. Feaster""","""1998"""
031409900X,"""Legal Writing in a Nutshell (Nutshell Series)""","""Lynn B. Squires""","""1996"""
0380790033,"""Death in Paradise (Henrie O Mysteries (Paperback))""","""Carolyn Hart""","""1999"""
0374521913,"""The End of It""","""Mitchell Goodman""","""1989"""
0842347100,"""The Normal Christian Life""","""Watchman Nee""","""1977"""
0345308360,"""Exiles of the Rynth""","""Carole Douglas""","""1984"""
0380791854,"""Lathe of Heaven""","""Ursula K. Le Guin""","""1997"""
0451517938,"""Red and the Black""","""Stendhal""","""1982"""
0843931620,"""Captive to a Dream""","""Susan Tanner""","""1991"""
0135658543,"""Java Jump Start: A Beginner's Guide to Internet Programming""","""Noel Enete""","""1997"""
0895888041,"""DOS 5 Instant Reference""","""Robert M. Thomas""","""1991"""
0590113143,"""Dog with the Wounded Paw (Hippo Animal S.)""","""Brenda Jobling""","""1998"""
0373612664,"""The Legend""","""C.J. Carmichael""","""2002"""
0312327269,"""Blitz""","""Ken Bruen""","""2004"""
1577481925,"""Bible Promises (Value Book)""","""Barbour Bargain Books""","""2000"""
0877953597,"""Majipoor chronicles: A novel""","""Robert Silverberg""","""1982"""
0805055037,"""The Runaway Soul""","""Harold Brodkey""","""1997"""
0749314710,"""Mexico""","""James A. Michener""","""1993"""
0441832849,"""Groa's Other Eye (Twilight of the Gods Book II)""","""Dennis Schmidt""","""1986"""
0812056779,"""Little Owl and the Tree House""","""Constance Boyle""","""1985"""
1570622329,"""Posture of Meditation""","""WILL JOHNSON""","""1996"""
0871401835,"""73 Poems""","""E. E. Cummings""","""2003"""
0689865678,"""A Race Against Time (Nancy Drew \""All New\"" Girl Detective #2)""","""Carolyn Keene""","""2004"""
0740733591,"""Ten Things I Wish I'd Known Before I Went Out  Into The Real World""","""Maria Shriver""","""2003"""
0761106332,"""Rosie's Bakery All Butter Fresh Cream Sugar Packed No Holds Barred Baking Book""","""Judy Rosenberg""","""1991"""
034535768X,"""Death Flats""","""T. J. MacGregor""","""1991"""
014055694X,"""Re-Zoom (Picture Puffin Books (Paperback))""","""Istvan Banyai""","""1998"""
0060198753,"""Moving Target""","""Elizabeth Lowell""","""2001"""
0962114847,"""A Treasury of Christmas Ornaments""","""Crafts Magazine""","""1991"""
0553270249,"""Death on Deadline""","""Robert Goldsborough""","""1988"""
0525454462,"""Miss Bindergarten Gets Ready for Kindergarten""","""Joseph Slate""","""1996"""
0441166105,"""The Dragon in the Sword (Dragon in the Sword)""","""Michael Moorcock""","""1987"""
1551661624,"""Power Games""","""David P. Jordan""","""1996"""
0345423089,"""Rookery Blues: A Novel""","""Jon Hassler""","""1998"""
0307030016,"""Thumbelina""","""Golden Books Little""","""1994"""
2259191061,"""MystÃ?Â©rieux Mozart""","""Philippe Sollers""","""2001"""
0393309606,"""The Reverse of the Medal""","""Patrick O'Brian""","""1992"""
0821731262,"""Catch-As-Catch-Can""","""Charlotte Armstrong""","""1990"""
0380470845,"""The Fulfillment""","""LaVyrle Spencer""","""1979"""
0870227785,"""Samoa"," A Photographic Essay.""","""Frederic Koehler Sutter"""
1564143082,"""Repair Your Own Credit""","""Bob Hammond""","""1997"""
0786700084,"""Clearwater Summer""","""John E. Keegan""","""1994"""
0553107003,"""Storm Warning""","""Jack Higgins""","""0"""
0252017781,"""Their Eyes Were Watching God""","""Zora Neale Hurston""","""1991"""
0440802458,"""Egypt Game""","""Zilpha Keatley Snyder""","""1991"""
0786801093,"""Nobody's Dog""","""Charlotte Graeber""","""1998"""
0890813043,"""Parenthood Without Hassles * * Well Almost""","""Kevin Leman""","""1979"""
0156044269,"""Lewis Carroll's Alice's Adventures in Wonderland""","""Lewis Carroll""","""1991"""
0312988990,"""American Son""","""Richard Blow""","""2002"""
0300059248,"""Bisexuality in the Ancient World""","""Eva Cantarella""","""1994"""
156201238X,"""The Captive's Journey""","""Richard Manton""","""2001"""
044021906X,"""Staying Fat for Sarah Byrnes""","""Chris Crutcher""","""1995"""
0113219954,"""Rules and Guidance for Pharmaceutical Manufacturers and Distributors""","""Great Britain""","""1997"""
2264023481,"""La Bible de nÃ?Â©on""","""John Kennedy Toole""","""1995"""
0689822707,"""Halloween Frights (Night Glow Board Books)""","""Judith Moffatt""","""1999"""
0394759753,"""The Complete Book of Massage""","""CLARE MAXWELL-HUDSON""","""1988"""
0312953585,"""Digging Your Own Grave""","""B.L. Andrews""","""1994"""
0671828258,"""SHADOW OF TORTURER""","""Gene Wolfe""","""1981"""
0330241621,"""Mountain People""","""Colin Turnbull""","""0"""
0133894606,"""A history of film""","""Jack C Ellis""","""1979"""
8421632728,"""La Princesa Luna y El Principe Sol""","""Fatima Garcia""","""1998"""
0195076184,"""The Oxford Companion to Archaeology""","""Brian M. Fagan""","""1996"""
0006384765,"""The Beginner's Guide to Investing : A Practical Guide to Putting Your Money to Work for You""","""Richard Croft""","""1997"""
3612213695,"""Telearbeit.""","""Martin Massow""","""1998"""
0007104758,"""In Forkbeard's Wake: Coasting Around Scandinavia (Flamingo)""","""Ben Nimmo""","""2003"""
0881763969,"""Over 50 Years of American Comic Books""","""Ron Goulart""","""1990"""
1566913640,"""Rick Steves' Scandinavia 2002""","""Rick Steves""","""2002"""
0061032093,"""Breathing Room (Avon Romance)""","""Susan Elizabeth Phillips""","""2003"""
0523413920,"""Hornblower #07 Flying Color""","""C. S. Forester""","""1975"""
0373196547,"""Daddy on the Doorstep""","""Judy Christenberry""","""2003"""
0965323501,"""The Oracle of Clarion - Unveiling the Goddess: A Story to Awaken the Heart of Humanity""","""Paula Peterson""","""1998"""
0451146948,"""Jews God and History""","""Max I Dimont""","""1981"""
0394171349,"""Games People Play B186""","""Eric MD Berne""","""1969"""
0671214691,"""EXALTATION STARS""","""Terry Carr""","""1973"""
1566191416,"""Frankenstein""","""Wollstonecraft Mary Shelley""","""1993"""
0440224705,"""Hard Time (V.I. Warshawski Novels (Paperback))""","""SARA PARETSKY""","""2000"""
0872168328,"""Horror House""","""J.N. Williamson""","""1981"""
3404139674,"""Operation Schneewolf.""","""Glenn Meade""","""1998"""
0425036715,"""Little Knowledge""","""Michael Bishop""","""1978"""
0942658086,"""Food allergies made simple""","""Phylis Austin""","""1985"""
0679600078,"""Collected Tales and Poems of Edgar Allan Poe (Modern Library)""","""Edgar Allan Poe""","""1992"""
8429720154,"""Maria Rosa (El Garbell)""","""Angel GuimerÃ¡""","""1983"""
0307220052,"""It's All in the Stars (Girl Talk)""","""L. E. Blair""","""1990"""
0345375556,"""One's Company: Reflections on Living Alone""","""Barbara Holland""","""1992"""
0451451759,"""Afterimage""","""Kristine Kathryn Rusch""","""1992"""
0738200433,"""Almost a Woman""","""Esmeralda Santiago""","""1998"""
1590523083,"""One More Sunrise (Frontier Doctor Trilogy)""","""Al Lacy""","""2004"""
0313294186,"""Tom Robbins""","""Catherine E. Hoyser""","""1997"""
031224679X,"""Let's Go 2001: Ireland: The World's Bestselling Budget Travel Series""","""Maja Groft""","""2000"""
0515134368,"""The Penwyth Curse""","""Catherine Coulter""","""2004"""
0140028951,"""Area of Darkness""","""V.S. Naipaul""","""1998"""
0373822065,"""Death Spiral""","""Patricia Rosemoor""","""2000"""
0684864886,"""Meanwhile Back at the Ranch : A Novel""","""Kinky Friedman""","""2002"""
0778320596,"""Blooming All Over (Mira)""","""Judith Arnold""","""2004"""
0446356875,"""Another Dawn""","""Sandra Brown""","""1991"""
0440842484,"""Borrowers""","""Mary Norton""","""0"""
0877285810,"""Gurdjieff: A Very Great Enigma""","""John G. Bennett""","""1984"""
0140323058,"""Queenie Peavy""","""Robert Burch""","""1987"""
0451164210,"""Complete Art of Witchcraft""","""Sybil Leek""","""1991"""
0525939865,"""The Vulture Fund""","""Stephen W. Frey""","""1996"""
0380724332,"""Skeleton Canyon: A Joanna Brady Mystery""","""J.A. Jance""","""2004"""
0374520011,"""Mystics and Zen Masters""","""Thomas Merton""","""1986"""
0380795736,"""Talking Rain: A Professo (Professor Teodora Morelli Mystery)""","""Linda French""","""1998"""
0385327803,"""Daughter of Venice""","""DONNA JO NAPOLI""","""2002"""
0673522725,"""Writing and Reading Across the Curriculum""","""Laurence Behrens""","""1994"""
034085961X,"""Christianity (Teach Yourself World Faiths S.)""","""John Young""","""2003"""
1897959206,"""Bigot Hall: A Gothic Childhood""","""Steve Aylett""","""1995"""
0061014346,"""The Chance""","""Edith Layton""","""2000"""
9029537353,"""Zuiderkruis: Roman""","""Pauline Slot""","""1999"""
0373024649,"""Castle in Spain (Harlequin Romance)""","""Margaret Rome""","""1982"""
0373218346,"""Playing For Keeps""","""Karen Templeton""","""2003"""
2253170577,"""Le Vol des cigognes""","""Jean-Christophe GrangÃ?Â©""","""1999"""
0451183908,"""University""","""Bentley Little""","""1995"""
0684852314,"""Spin Cycle: Inside the Clinton Propaganda Machine""","""Howard Kurtz""","""1998"""
1565896017,"""Life's Little Secrets (Secrets Series)""","""J. Donald Walters""","""2003"""
0553232355,"""Star Trek 10""","""James Blish""","""1974"""
0821730681,"""Montana Mistress""","""Thea Devine""","""1990"""
0836252586,"""Rosie Plants a Radish: A Lift-The-Flap Natur Book With Real Seeds (Lift-The-Flap Nature Books with Real Seeds)""","""Kate Petty""","""1998"""
0451522044,"""American Tragedy""","""Theodore Dresier""","""1981"""
0553287141,"""The Outlaws of Mesquite""","""LOUIS L'AMOUR""","""1991"""
0758203594,"""Wilde Thing""","""Janelle Denison""","""2003"""
0445045647,"""A private battle""","""Cornelius Ryan""","""1980"""
3406086934,"""Peter RÃ¼hmkorf (AutorenbÃ¼cher)""","""Peter Bekes""","""1982"""
1559586893,"""How to Sell More Than 75% of Your Freelance Writing""","""Gordon Burgett""","""1995"""
1551669056,"""Between Friends""","""Debbie Macomber""","""2002"""
1573453005,"""How Can You Mend a Broken Spleen?: Home Remedies for an Ailing World""","""Joseph Walker""","""2000"""
0880881445,"""Jesus: He's Your Final Answer""","""Sarah M. Hupp""","""2001"""
0806968699,"""How To Make Optical Illusion Tricks &amp"," Toys""","""E. Richard Churchill"""
0880013346,"""Wild Iris""","""Louise Gluck""","""1994"""
0060234830,"""Prince Caspian (rpkg) : The Return to Narnia (Narnia)""","""C. S. Lewis""","""1994"""
0030145023,"""Modern Chemistry""","""Nicholas D. Tzimopoulos""","""1990"""
0452284651,"""The Museum of Hoaxes: A History of Outrageous Pranks and Deceptions""","""Alex Boese""","""2003"""
0061092355,"""Star Trek Memories""","""William Shatner""","""1994"""
0689118155,"""Marianne Moore: A Literary Life""","""Charles Molesworth""","""1990"""
0395248302,"""The Stars : A New Way to See Them (Astronomy)""","""H. A. Rey""","""1976"""
0399140859,"""Murder in Grub Street""","""Bruce Alexander""","""1995"""
0192832832,"""The Wild Irish Girl: A National Tale (Oxford World's Classics)""","""Lady Morgan""","""1999"""
0201406942,"""Going to the Doctor""","""T. Berry Brazelton""","""1996"""
0007110928,"""Billy""","""Pamela Stephenson""","""2002"""
0789434121,"""Factastic Book of 1001 Lists""","""Russell Ash""","""1999"""
1555466877,"""The Abenaki (Indians of North America)""","""Colin Gordon Calloway""","""1989"""
0811815730,"""Sorbets and Ice Creams: &amp"," Other Frozen Confections""","""Lou Seibert Pappas"""
3770138333,"""Das Jadezimmer.""","""John Ball""","""1998"""
0812540182,"""China Bride""","""Henry Luk""","""1999"""
013675869X,"""Piece by Piece: The Complete Book of Quiltmaking""","""Dianne Finnegan""","""1991"""
0446517690,"""Touched by Angels""","""Eileen Elias Freeman""","""1993"""
0425136612,"""Night of the Hawk""","""Dale Brown""","""1993"""
0517888246,"""Dinosaur in a Haystack: Reflections in Natural History""","""Stephen Jay Gould""","""1997"""
0385267320,"""The Art of the Long View: Planning for the Future in an Uncertain World""","""Peter Schwartz""","""1996"""
0563383917,"""Home Front Kitchens (Home Front)""","""Anne McKevitt""","""2002"""
0870715437,"""The Arbutus/Madrone Files: Reading the Pacific Northwest""","""Laurence Ricou""","""2002"""
0393320723,"""Outside Adventure Travel: Trekking (Outside Books)""","""David Noland""","""2001"""
0747558337,"""If Nobody Speaks of Remarkable Things""","""Jon McGregor""","""2002"""
0671668315,"""Setting Limits: Medical Goals in an Aging Society""","""Daniel Callahan""","""1988"""
0140103600,"""God's Snake (King Penguin)""","""Irini Spanidou""","""1987"""
0061001821,"""Orsinian Tales""","""Ursula K. Le Guin""","""1991"""
0671532545,"""Bedside manners: The troubled history of doctors and patients""","""Edward Shorter""","""1985"""
0395339707,"""August""","""Judith Rossner""","""1983"""
0380403110,"""Maria Looney and the Cosmic Circus (An Avon Camelot Book)""","""Jerome Beatty""","""1978"""
8817134597,"""Se il sole muore (BUR)""","""Oriana Fallaci""","""1984"""
0671729403,"""Fallen Hearts (Casteel)""","""V.C. Andrews""","""1990"""
157731154X,"""The Path of Transformation: How Healing Ourselves Can Change the World""","""Shakti Gawain""","""2000"""
0399130845,"""In a Certain Light""","""Karen Osney Brownstein""","""1985"""
0553579975,"""Cold Springs""","""RICK RIORDAN""","""2004"""
0671706020,"""The 4:50 from Paddington""","""Agatha Christie""","""1983"""
0671021826,"""The BEGINNING FEAR STREET COLLECTORS EDITION : THE NEW GIRL THE SURPRISE PARTY THE OVERNIGHT (Fear Street Series)""","""R.L. Stine""","""1998"""
0806953918,"""Magnificent MacRamE""","""Marie Janine. Solvit""","""1979"""
0452274362,"""The Basic Darkroom Book""","""Tom Grimm""","""1999"""
0553580760,"""Cold Water Burning""","""John Straley""","""2001"""
0820316520,"""The Bourbaki Gambit: A Novel""","""Carl Djerassi""","""1994"""
0679735976,"""Lie Down in Darkness""","""William Styron""","""1992"""
3442354811,"""Das Haus der verlorenen Kinder.""","""Jenny Jones""","""2002"""
0151639663,"""For the Record: From Wall Street to Washington""","""Donald Regan""","""1988"""
0671695762,"""BODY""","""Harry Crews""","""1990"""
0671880969,"""LAST CHANTS (Willa Jansson Mystery)""","""Lia Matera""","""1997"""
3250600555,"""Monsieur Ibrahim und die Blumen des Koran. ErzÃ?Â¤hlung.""","""Eric-Emmanuel Schmitt""","""2002"""
0747516995,"""Hayfever: The Complete Guide""","""Jonathan Brostoff""","""1994"""
0884861767,"""The Collected Works of Catherine Marshall: To Live Again and Beyond Our Selves""","""Catherine Marshall""","""1997"""
006273394X,"""The Best European Travel Tips 1996-1997 (Serial)""","""John Whitman""","""1996"""
0394857526,"""Bert and the Missing Mop Mix-up""","""Sarah Roberts""","""1983"""
0440406803,"""High Wizardry""","""Diane Duane""","""1992"""
0195065433,"""Rise of Modern China 4e Export Ed Only""","""Hsu""","""1997"""
0671518984,"""The QUICK AND THE DEAD (MOVIE TIE-IN) (Movie-Tie-in)""","""Jack Curtis""","""1995"""
0062512544,"""Nothing to Lose: A Guide to Sane Living in a Larger Body""","""Cheri K. Erdman""","""1996"""
0515035084,"""The Bastard""","""John Jakes""","""1974"""
0307100197,"""Disney's Aladdin: The Genie's Tale (Golden Super Shape Book)""","""Karen Kreider""","""1993"""
0201709007,"""Mac OS X: Visual QuickStart Guide""","""Maria Langer""","""2001"""
0425064247,"""Scarface""","""Paul Monette""","""1983"""
0809435985,"""Out of Africa (Time reading program special edition)""","""Isak Dinesen""","""1980"""
0451203755,"""The Train Now Departing: Two Novellas""","""Martha Grimes""","""2001"""
1401046606,"""Abiding Love: A Loves Journey into the Millennium""","""Louise Haeger""","""2002"""
185242558X,"""Intoxication: An Anthology of Stimulant-Based Writing""","""Toni Davidson""","""1998"""
1414040563,"""Second Age: A Recall of Things Gone by and a Bit of Now""","""Carl A. Franson""","""2004"""
0465016103,"""The Other Path: The Economic Answer to Terrorism""","""Hernando De Soto""","""2002"""
076534047X,"""Scatterbrain""","""Larry Niven""","""2004"""
0821223356,"""Life Sixty Years: A 60th Anniversary Celebration 1936-1996""","""The Editors of Life""","""1996"""
0520046986,"""Strindberg: Five Plays""","""August Strindberg""","""1983"""
0446519146,"""If These Walls Had Ears : The Biography of a House""","""James Morgan""","""1996"""
0679003797,"""Fodor's Upclose Great Britain (Fodor's Upclose Great Britain)""","""David Downing""","""2000"""
1591820170,"""Love Hina (Book 6)""","""Ken Akamatsu""","""2002"""
0689823916,"""Pizza Cats (Rugrats)""","""Gail Herman""","""1999"""
0871131811,"""Zodiac: The Eco-Thriller""","""Neal Stephenson""","""1988"""
0553111477,"""Rubyfruit Jungle""","""Rita Mae Brown""","""0"""
0380720434,"""Blue Heron""","""Avi""","""1993"""
0061006165,"""Omega Blue""","""Mel Odom""","""1993"""
0670824453,"""Futurehype: The tyranny of prophecy""","""Max Dublin""","""1989"""
0671021079,"""STAR TREK INSURRECTION (YA NOVELIZATION) : (SEPARATE SHIP-BB DUE 11/13) (Star Trek)""","""Esther Friesner""","""1998"""
0380865610,"""Gremlins""","""George Gipe""","""1984"""
0140366792,"""Heidi (Puffin Classics)""","""Johanna Spyri""","""1995"""
0345292189,"""Man Hunt""","""Giles A. Lutz""","""1981"""
0895946416,"""Writing from the Heart: Inspiration and Exercises for Women Who Want to Write""","""Leslea Newman""","""1993"""
0679753249,"""Photoshop Filter Finesse""","""Bill Niffenegger""","""1994"""
082651328X,"""In Love With Life: Reflections on the Joy of Living and Why We Hate to Die (Vanderbilt Library of American Philosophy)""","""John Lachs""","""1998"""
0195102754,"""A Dictionary of Creation Myths (Oxford Paperback Reference S.)""","""David Adams Leeming""","""1995"""
0061099260,"""Diva""","""Carol Kane""","""1991"""
0207142939,"""No Barrier: Book III of the Timeless Land Trilogy""","""Eleanor Dark""","""1980"""
0805005064,"""Death and the Dutch Uncle""","""Patricia Moyes""","""1983"""
0312420862,"""On the Night Plain : A Novel""","""J. Robert Lennon""","""2002"""
0449205223,"""Drifters""","""James A. Michener""","""1984"""
0375506276,"""The Fourth Hand""","""JOHN IRVING""","""2001"""
055308013X,"""Private Eyes""","""Jonathan Kellerman""","""1992"""
0345341953,"""Killer in the Rain""","""Raymond Chandler""","""1986"""
0865476675,"""Sea Room: An Island Life in the Hebrides""","""Adam Nicolson""","""2003"""
042513976x,"""Close to the Bone""","""David Wiltse""","""1993"""
0316344095,"""Time on Fire: My Comedy of Terrors""","""Evan Handler""","""1996"""
0960095810,"""Sai Baba the Holy Man and the Psychiatrist""","""Samuel H. Sandweiss""","""1940"""
0471415804,"""Essential XUL Programming""","""Vaughn Bullard""","""2001"""
0671318330,"""Ranks of Bronze""","""David Drake""","""2001"""
0786000325,"""Danielle Steel/the Glamour the Myth the Woman""","""Nicole Hoyt""","""1994"""
0671626876,"""In the Flesh""","""Clive Barker""","""1986"""
0812515501,"""Cat Magic""","""Whitley Strieber""","""1987"""
0671020773,"""BRETT FAVRE: A BIOGRAPHY""","""Bill Gutman""","""1998"""
0380882604,"""The Wildfire Trace""","""Cathy Gillen Thacker""","""1984"""
1881493067,"""An Overview of the Buddhadharma""","""Sheng-Yen Lu""","""1997"""
055322946X,"""Air Glow Red""","""Ian Slater""","""1983"""
0866220658,"""Your First Goldfish (Your First Series)""","""Mariana Gilbert""","""1991"""
0747232024,"""Egypt Green""","""Christopher Hyde""","""1990"""
0553273736,"""The Year Without Michael""","""Susan Beth Pfeffer""","""1988"""
0061072044,"""Digimon Digital Monsters: Digiarmor Energize (Digimon Digital Monsters Season 2)""","""Lisa Papademetriou""","""2000"""
0762708115,"""Vermont Off the Beaten Path: A Guide to Unique Places""","""Barbara-Radcliffe Rogers""","""2000"""
3257212569,"""Das Testament Donadieu. Roman.""","""Georges Simenon""","""2000"""
0804104077,"""North to the Pole""","""Will Steger""","""1988"""
2226079750,"""Douce nuit""","""Mary Higgins Clark""","""1998"""
1400030803,"""The Good Women of China : Hidden Voices""","""XINRAN XUE""","""2003"""
0786844884,"""Kim Possible Chapter Book: The New Ron""","""Kiki Thorpe""","""2003"""
0830627014,"""Transmitter Hunting""","""Joseph D. Moell""","""1987"""
0943084229,"""How to hang a spoon""","""Joe Martin""","""1985"""
0449003205,"""The Son of John Devlin""","""CHARLES KENNEY""","""2001"""
0449148785,"""Love's Wild Desire""","""Jennifer Blake""","""1996"""
0226898555,"""A Companion to the Iliad: Based on the Translation by Richmond Lattimore""","""Malcolm M. Willcock""","""1976"""
3499226448,"""Im Angesicht des Kreuzes.""","""Sheila Radley""","""2000"""
0452253292,"""How to Grandparent""","""Dodson""","""1982"""
1874509549,"""Bursting the Cherry""","""Phyllis Blunt""","""1998"""
0812564618,"""Vulcan's Forge (Philip Mercer)""","""Jack B. Du Brul""","""1999"""
0934411344,"""Death With Dignity""","""Jack Ricardo""","""1991"""
0394703103,"""Beat the Dealer: A Winning Strategy for the Game of Twenty-One""","""Edward O. Thorp""","""1966"""
3426603977,"""Mein Weg durch Himmel und HÃ?Â¶llen. Das Abenteuer meines Lebens.""","""Alexandra David-Neel""","""2003"""
0914918249,"""Planets in Transit: Life Cycles for Living (The Planet Series)""","""Robert Hand""","""1980"""
038530160X,"""Silver Kiss""","""Annette Curtis Klause""","""1990"""
0672304899,"""Teach Yourself Visual C++ 1.5 in 21 Days""","""Namir Clement Shammas""","""1994"""
0671034839,"""Looking For Mo""","""Daniel Duane""","""1999"""
187911125x,"""The Longaberger Story: And How We Did It""","""Dave Longaberger""","""1991"""
0345394801,"""Flatlander/the Collected Tales of Gil \""the Arm\"" Hamilton""","""Larry Niven""","""1995"""
0786832207,"""Disney's Tarzan (Junior Novel Series)""","""Kathleen W. Zoehfeld""","""1999"""
0822371510,"""Through Gates of Splendor""","""Elisabeth Elliot""","""1997"""
1570431493,"""The Art of Spiritual Dreaming""","""Harold Klemp""","""1999"""
0451196295,"""Mind to Crime""","""Moir""","""1999"""
1410788164,"""Ab of Mor""","""Gene Peck""","""2003"""
0445043024,"""Midnight Express""","""Billy Hayes""","""0"""
1556615051,"""Olympic Dreams (High Hurdles)""","""Lauraine Snelling""","""1995"""
0671671553,"""States of Emergency""","""Andre Brink""","""1989"""
006440689X,"""On Top of Concord Hill (Little House)""","""Maria D. Wilkes""","""2000"""
0028622480,"""The First-Book Market: Where and How to Publish Your First Book and Make It a Success""","""Jason Shinder""","""1998"""
1583142355,"""Princess Sister""","""Sheila Copeland""","""2002"""
0312270380,"""Let's Go 2002: Greece (Let's Go. Greece)""","""Erzulie Coquillion""","""2001"""
3446192654,"""Theos Reise. Roman Ã?Â¼ber die Religionen der Welt.""","""Catherine Clement""","""1998"""
0571148956,"""Cat's Whisker""","""Philip Gross""","""1987"""
3518369415,"""Die Astronauten.""","""Stanislaw Lem""","""2001"""
034056332X,"""Aromatherapy: a Definitive Guide to Essential Oils""","""Lisa Chidell""","""1992"""
0938077511,"""The Diamond That Cuts Through Illusion: Commentaries on the Prajnaparamita Diamond Sutra""","""Thich Nhat Hanh""","""1992"""
0671679805,"""MASKS STAR TREK THE NEXT GENERATION #7 (Star Trek Next Generation (Numbered))""","""John Vornholt""","""1989"""
080706341X,"""Staying Put : Making a Home in a Restless World""","""Scott Russell Sanders""","""1994"""
0907179428,"""Serious Pleasure""","""Sheba Collective""","""0"""
0895294915,"""Cancer and Nutrition: A Ten-Point Plan to Reduce Your Risk of Getting Cancer (Simone Health Series)""","""Charles Simone""","""1992"""
0842023941,"""Wilsonian Statecraft: Theory and Practice of Liberal Internationalism (America in the Modern World)""","""Lloyd E. Ambrosius""","""1991"""
0743407865,"""Brave New Girl""","""Louisa Luna""","""2001"""
0820319619,"""Portrait of an Island""","""Mildred Teal""","""1997"""
1557489912,"""Heartbreak Trail (Lovesong)""","""Vera Lee Wiggins""","""1997"""
0373630336,"""Dividend on Death""","""Brett Halliday""","""1982"""
0446605778,"""Night of Broken Souls""","""Thomas F. Monteleone""","""1998"""
0451404556,"""The Warfield Bride""","""Bronwyn Williams""","""1994"""
0394588215,"""The Golden Rope""","""Susan Fromberg Schaeffer""","""1996"""
0195016459,"""American urban history",": An interpretive reader with commentaries""","""Alexander B Callow"""
0812564650,"""To The Last Man : A Story of the Pleasant Valley War""","""Zane Grey""","""2000"""
0385468555,"""Talk Dirty to Me: An Intimate Philosophy of Sex""","""Sallie Tisdale""","""1995"""
0816743282,"""Haunted Baby-Sitters: True Ghost Stories (True Ghost Stories)""","""Allan Zullo""","""1997"""
0812500385,"""Systemic Shock""","""Dean Ing""","""1992"""
0689804598,"""Twisted Summer""","""Willo Davis Roberts""","""1996"""
0755301145,"""The Eagle and the Wolves""","""Simon Scarrow""","""0"""
0380780437,"""Only Child (An Avon Flare Book)""","""Jesse Osburn""","""1996"""
1564586480,"""Ultimate Visual Dictionary (Ultimate Visual Dictionary)""","""Dorling Kindersley Publishing""","""1994"""
0380775220,"""Flirting with Death (Peggy O'Neill Mystery)""","""M. D. Lake""","""1996"""
0679783385,"""The Scarlet Letter (Modern Library Classics)""","""Nathaniel Hawthorne""","""2000"""
0761524851,"""Black &amp"," White: Prima's Official Strategy Guide""","""DEAN EVANS"""
0812512960,"""Conjure Wife/Our Lady of Darkness (2 Books in One)""","""Fritz Leiber""","""1993"""
0553120832,"""Copsi Castle""","""Juliet Astley""","""1979"""
0586203958,"""Taj""","""Colin De Silva""","""1990"""
3499232871,"""Herzsprung""","""Ildiko Kurthy""","""2003"""
0446377651,"""Side Tracked Home Executives""","""Pam Young""","""1983"""
157101022X,"""Why Men Marry: Insights from Marrying Men""","""A.T Langford""","""1995"""
0310286905,"""God with us: The miracle of Christmas""","""John MacArthur""","""1989"""
0787105309,"""The Kid Stays in the Picture""","""Robert Evans""","""1995"""
0393030377,"""The Money Culture""","""Michael Lewis""","""1991"""
0738857009,"""The Seer from the Stars""","""Jonathan Robert Gravish""","""2000"""
2702133355,"""Le Jardin de cristal""","""Mohsen Makhmalbaf""","""2002"""
0345306678,"""Night Has A Thousand Eyes""","""Cornell Woolrich""","""1989"""
1590522419,"""Face the Music: A Novel (Diary of a Teenage Girl)""","""Melody Carlson""","""2004"""
0141439610,"""The Woman in White (Penguin Classics)""","""Wilkie Collins""","""2003"""
0803258836,"""The Buffalo Hunters: The Story of the Hide Men""","""Mari Sandoz""","""1978"""
0670835609,"""High Hopes""","""Ursula Dubosarsky""","""1991"""
0061098760,"""Law of Gravity""","""Stephen Horn""","""2003"""
0684841177,"""Deja Dead""","""Kathy Reichs""","""1997"""
0340533781,"""Strange loyalties""","""William McIlvanney""","""1991"""
0689835248,"""Zin! Zin! Zin! A Violin (Aladdin Picture Books)""","""Lloyd Moss""","""2000"""
0810928698,"""Vampires : Restless Creatures of the Night (Discoveries)""","""Jean Mariony""","""1994"""
0786866764,"""The Temple of Optimism""","""James Fleming""","""2000"""
3442438918,"""Dschingis Khans Tochter. Ein Bella- Block- Roman.""","""Doris Gercke""","""1998"""
0446390240,"""Getting Unstuck : Breaking Through Your Barriers to Change""","""Dr. Sidney B. Simon""","""1989"""
0590431986,"""The Moves Make the Man""","""Bruce Brooks""","""1994"""
1411603869,"""Roland""","""Ben Jonjak""","""2004"""
0553024248,"""The great train robbery""","""Michael Crichton""","""1976"""
1891620991,"""Passing: When People Can't Be Who They Are""","""Brooke Kroeger""","""2003"""
0809244195,"""Sumptuous Sauces in the Microwave""","""Patricia Tennison""","""1989"""
0896930807,"""Know Why You Believe""","""Paul E. Little""","""1984"""
1562762680,"""How to Use Windows 95""","""Douglas Hergert""","""1995"""
0877850836,"""The Spiritual Life/The Word of God""","""Emanuel Swedenborg""","""1911"""
0312925581,"""James Herriot's Dog Stories""","""James Herriot""","""1993"""
0679735909,"""Possession : A Romance""","""A.S. BYATT""","""1991"""
0393050971,"""The Soul of Money: Transforming Your Relationship with Money and Life""","""Lynne Twist""","""2003"""
082174500X,"""Gunpowder Legacy""","""Doyle Trent""","""1994"""
0553107224,"""In Search of Extraterrestrials""","""Landsburg""","""1976"""
0671740091,"""DON'T SAY A WORD""","""Andrew Klavan""","""1992"""
0028461800,"""DIALOGUE CONCERNING NATURAL RELIGION (Hafner Library of Classics)""","""David Hume""","""1970"""
0136372325,"""Open Door to French""","""Margarita Madrigal""","""1963"""
1559705078,"""Cambodia : A Report From a Stricken Land""","""Henry Kamm""","""1999"""
0394508432,"""Smiley's People""","""John Le Carre""","""1979"""
0671019775,"""RED CELL ROGUE WARRIOR PROMOTION""","""Richard Marcinko""","""1998"""
1556231490,"""Who Killed John Maynard Keynes: Conflicts in the Evolution of Economic Policy""","""W. Carl Biven""","""1989"""
0895773376,"""The song of Hiawatha and other poems (The World's best reading)""","""Henry Wadsworth Longfellow""","""1989"""
0671523627,"""MEDICAL CTR MURDR (A Whodunit? Mystery Vol 2)""","""Lisa Drake""","""1984"""
0451136403,"""Modigliani Scandal""","""Ken Follett""","""1985"""
0812522397,"""Children of the Mind (Ender Wiggins Saga (Paperback))""","""Orson Scott Card""","""1997"""
0061080829,"""The Anxious Heart (Harper Monogram)""","""Denise Robertson""","""1993"""
9531530319,"""Gdje pijevac ne pjeva (Biblioteka \""Zlatni paun\"")""","""Ivan Aralica""","""1996"""
0520058763,"""The Making of Citizen Kane""","""Robert Carringer""","""1986"""
1860198023,"""Encyclopedia of Dinosaurs""","""David Lambert""","""0"""
0002172739,"""Bonnie Sterns Cuisinart Cookbook""","""Bonnie Stern""","""1985"""
0822013614,"""Walden Two (Cliffs Notes)""","""Cynthia C. McGowan""","""1987"""
0934342040,"""Half Square Triangles""","""Barbara Johannah""","""1991"""
0140350764,"""Kim (Puffin Classics)""","""Rudyard Kipling""","""1987"""
3404130197,"""Der lange Weg der Sternenfahrer.""","""Marion Zimmer Bradley""","""1985"""
0140802363,"""The Complete English Poems (Penguin English Poets)""","""John Donne""","""1971"""
044022957X,"""Girls in Love""","""Jacqueline Wilson""","""2002"""
0786882344,"""Welcome to Sarajevo: Natasha's Story""","""Michael Nicholson""","""1997"""
0471309826,"""The UNIX and X Command Compendium: A Dictionary for High-Level Computing""","""Alan  Southerton""","""1994"""
0917201655,"""Asterix and the Great Crossing (Adventures of Asterix)""","""Rene de Goscinny""","""1994"""
0515121886,"""Love Heals All""","""Leslie Brannen""","""1997"""
0373764847,"""Beckett's Convenient Bride  (Beckett's Fortune)""","""Dixie Browning""","""2003"""
0312303068,"""Rising""","""Darnella Ford""","""2002"""
0778320081,"""Liar's Market (Mira)""","""Taylor Smith""","""2004"""
0060928034,"""Unlocking the Air : Stories""","""Ursula K. Le Guin""","""1997"""
0891076182,"""Prophet""","""Frank E. Peretti""","""1992"""
0451183460,"""The Medical Book of Remedies: 50 Ways to Lower Your Fat &amp"," Cholesterol""","""Roberta Larson Duyff"""
0590424998,"""Baby-Sitters Winter Vacation (Baby-Sitters Club Super Special)""","""Ann Matthews Martin""","""1989"""
0840771835,"""The Smoke of a Thousand Villages...and Other Stories of Real Life Heroes of the Faith""","""David Shibley""","""1989"""
067944646X,"""The Quick and the Dead""","""Joy Williams""","""2000"""
0500300399,"""The Story of Fossils: In Search of the Vanished Worlds (New Horizons)""","""Yvette Gayrard-Valy""","""1994"""
2070366863,"""Armance""","""Stendhal""","""1992"""
0486415899,"""Tess of the D'Urbervilles (Dover Thrift Editions)""","""Thomas Hardy""","""2001"""
8423315371,"""Balada de Cain (ColecciÃ³n Ancora y delfÃ­n)""","""Manuel Vicent""","""1996"""
0449214575,"""The Taming of Annabelle""","""Marion Chesney""","""1987"""
0764500449,"""Perl 5 for Dummies""","""Paul Hoffman""","""1997"""
0500203210,"""Twentieth-Century Fashion""","""Valerie Mendes""","""1999"""
0785267247,"""Courtship After Marriage Romance Can Last A Lifetime""","""Zig Ziglar""","""2001"""
0688518109,"""Disguises You Can Make""","""Eve Barwell""","""1977"""
0812508645,"""Pastwatch: The Redemption of Christopher Columbus""","""Orson Scott Card""","""1997"""
0673521036,"""Writing and Reading Across the Curriculum""","""Laurence Behrens""","""1991"""
0764224808,"""Cross My Heart (Hidden Diary)""","""Sandra Byrd""","""2001"""
0395253993,"""The Consul's File""","""Paul Theroux""","""1977"""
0899197019,"""Mary Wore Her Red Dress and Henry Wore His Green Sneakers""","""Merle Peek""","""1988"""
0425108872,"""The World's Most Infamous Murders""","""Roger Boar""","""1988"""
0312308175,"""True Witness""","""Jo Bannister""","""2002"""
0441142141,"""Death Tolls""","""John E. Stith""","""1987"""
3886791742,"""Die Comedian Harmonists: Sechs LebenslÃ¤ufe""","""Eberhard Fechner""","""1988"""
0380974827,"""Erma Bombeck: A Life in Humor""","""Susan Edwards""","""1997"""
0140264132,"""Sea Change: Alone Across the Atlantic in a Wooden Boat""","""Peter Nichols""","""1998"""
2207305147,"""Guerre de rien""","""Jacques BarbÃ?Â©ri""","""1990"""
0425192725,"""Q Is for Quarry""","""Sue Grafton""","""2003"""
0471177091,"""Technostress""","""Michelle M. Weil""","""1997"""
0821737996,"""Blood Bond: Devil Creek Crossfire""","""William W. Johnstone""","""1992"""
351827824X,"""Anti- Ã?Â?dipus. ( Kapitalismus und Schizophrenie I).""","""Gilles Deleuze""","""1977"""
0684808528,"""Chief Justice: A Biography of Earl Warren""","""Ed Cray""","""1997"""
0812541561,"""Moby Dick: Or the Whale""","""Herman Melville""","""1998"""
022403054X,"""Miracles in America""","""Sheila Kohler""","""1991"""
3442439191,"""Freispruch fÃ?Â¼r einen MÃ?Â¶rder.""","""Lisa Scottoline""","""2000"""
0140430938,"""English Mystery Plays: A Selection (The Penguin English Library "," El93)""","""Peter Happe"""
0373218109,"""Lakota Legacy""","""Madeline Baker""","""2003"""
1579543383,"""Divine Interventions : True Stories of Mystery and Miracles That Change Lives""","""Dan Millman""","""2000"""
073942954X,"""A Name of Her Own (The Tender Ties Historical Series)""","""Jane Kirkpatrick""","""2002"""
0061011002,"""A Time to Love""","""Barbara Delinsky""","""1996"""
0061056049,"""Hedge of Mist""","""Patricia Kennealy-Morrison""","""1997"""
0553137336,"""Bright Arrows No. 2""","""Grace Livingston Hill""","""1980"""
0515118907,"""The Man Who Cast Two Shadows (Kathleen Mallory Novels (Paperback))""","""Carol O'Connell""","""1996"""
848460229X,"""Con Buena Letra: Todas Las Canciones De Joaquin Sabina""","""Joaquin Sabina""","""2002"""
0849942926,"""Thunder of Heaven""","""Ted Dekker""","""2002"""
0380871556,"""A Gentle Feuding""","""Johanna Lindsey""","""1984"""
067124700X,"""YOU DNT HV WHO WHO""","""Sam Levenson""","""1979"""
0060201436,"""Sounder""","""William H. Armstrong""","""1969"""
031228232X,"""Catching Water in a Net""","""J. L. Abramo""","""2001"""
0722536305,"""Hayfever: How to Beat Hayfever-Permanently (Thorsons Health)""","""Mark Payne""","""1998"""
1881164098,"""Dekok and the Dying Stroller""","""Albert Cornelis Baantjer""","""1994"""
039450920X,"""Freddy's Book""","""John Champlin Gardner""","""1980"""
0226644308,"""Into Africa: With a New Postscript""","""Craig Packer""","""1996"""
0590411713,"""Walt Disney's Classic Cinderella""","""Jan Carr""","""1987"""
0821756052,"""Fire Raven""","""Patricia McAllister""","""1997"""
0375713344,"""Geek Love""","""Katherine Dunn""","""2002"""
0842355251,"""A Rift in Time (Rift in Time #1)""","""Michael Phillips""","""1997"""
0802774733,"""Headaches: 47 Ways to Stop the Pain (A People's Medical Society Book)""","""Charles B. Inlander""","""1995"""
0870332600,"""Coastwise navigation""","""Frances Woodworth Wright""","""1980"""
0802116272,"""The Undiscovered Country""","""Samantha Gillison""","""1998"""
081440765X,"""Delivering Knock Your Socks Off Service""","""Ron Zemke""","""2002"""
0316693286,"""Pop Goes the Weasel""","""James Patterson""","""1999"""
3821815213,"""Lexikon merkwÃ?Â¼rdiger Todesarten.""","""Katja Doubek""","""2001"""
0316292613,"""Franklin D. Roosevelt : A Rendezvous with Destiny""","""Frank Freidel""","""1991"""
0394713389,"""The False Inspector Dew""","""Peter Lovesey""","""1983"""
9724119378,"""O Deus Das Pequenas Coisas""","""Roy""","""1998"""
0312872011,"""Mars Crossing""","""Geoffrey A. Landis""","""2000"""
0140065520,"""Blood Brotherhood""","""Robert Barnard""","""1992"""
0345302583,"""Star Bridge""","""Jack Williamson""","""1982"""
0618260307,"""The Hobbit: Or There and Back Again""","""J. R. R. Tolkien""","""2002"""
3446191011,"""Im Dunkeln lesen.""","""Seamus Deane""","""1997"""
1567188079,"""Elemental Power: Celtic Faerie Craft &amp"," Druidic Magic (Llewellyn's Celtic Wisdom)""","""Amber Wolfe"""
0373094582,"""Summer Shadows""","""Pat Warren""","""1988"""
8817106100,"""Oceano Mare""","""Alessandro Baricco""","""0"""
0553051008,"""The Quest for the Presidency 1984""","""Peter Goldman""","""1985"""
0395964644,"""Birds of North America (Kaufman Focus Guides)""","""Kenn Kaufman""","""2000"""
0821719688,"""Terminal""","""Colin Forbes""","""1987"""
0679784063,"""Cracking the Gre Psychology Test (4th ed)""","""Laurice Pearson""","""1997"""
8478082441,"""La abundancia a travÃ©s del reiki""","""Paula Horan""","""2001"""
0770418627,"""Victims: Orphans/""","""Jerry Amernic""","""1984"""
0449209563,"""Monsieur Pamplemousse""","""Michael Bond""","""1991"""
0439064872,"""Harry Potter and the Chamber of Secrets (Book 2)""","""J. K. Rowling""","""2000"""
0451208552,"""Shop Till You Drop""","""Elaine Viets""","""2003"""
0786712074,"""As Far as My Feet Will Carry Me: The Extraordinary True Story of One Man's Escape from a Siberian Labour Camp and His 3-Year Trek to Freedom""","""Josef Martin Bauer""","""2003"""
0843944447,"""Medicine Wheel""","""Les Savage""","""1998"""
3570123065,"""Unser Jahrhundert: Deutsche Schicksalstage""","""Guido Knopp""","""1998"""
1883642337,"""Mister Sandman: A Novel""","""Barbara Gowdy""","""1997"""
0816152187,"""Let Sleeping Vets Lie (G K Hall Large Print Book Series)""","""James Herriot""","""1992"""
0375415343,"""A Whistling Woman""","""A.S. BYATT""","""2002"""
842720261X,"""El Pudding de Navidad""","""Agatha Christie""","""1987"""
019283519X,"""The Hound of the Baskervilles: Another Adventure of Sherlock Holmes (Oxford World's Classics)""","""Arthur Conan Doyle""","""1998"""
0452006597,"""Selected Poetry and Prose of Shelley""","""Mary Shelley""","""1983"""
1572242558,"""The 50 Best Ways to Simplify Your Life: Proven Techniques for Achieving Lasting Balance""","""Patrick Fanning""","""2001"""
014044114X,"""Confessions (Classics S.)""","""St. Augustine""","""1961"""
0553212583,"""Wuthering Heights""","""EMILY BRONTE""","""1983"""
0440295823,"""Purple Cane Road""","""James Lee Burke""","""2000"""
0395616239,"""The Island on Bird Street""","""Uri Orlev""","""1992"""
0553280384,"""The Greatest Secret in the World""","""OG MANDINO""","""1997"""
3822504750,"""Die Geisel. Eine GefÃ?Â¤ngnisdirektorin in der Gewalt des HÃ?Â¤ftlings H. M.""","""Katharina Bennefeld-Kersten""","""1998"""
0671021354,"""Child of the Hunt (Buffy the Vampire Slayer)""","""Christopher Golden""","""1998"""
0397321651,"""The Secret Garden""","""Frances Hodgson Burnett""","""1998"""
0553560239,"""The Hot House : Life Inside Leavenworth Prison""","""PETE EARLEY""","""1993"""
0451205782,"""Punk's War""","""Ward Carroll""","""2002"""
0451075226,"""Watsons""","""Jane Austen""","""1977"""
0553152025,"""Tale/Peter Rabbit""","""Beatrix Potter""","""1984"""
0004109066,"""Spain: Welcome to Spain (Welcome Guides)""","""R. A. N. Dixon""","""1980"""
1570717451,"""The Other Adonis: A Novel of Reincarnation""","""Frank Deford""","""2001"""
0385334184,"""Paradise Park: A Novel""","""Allegra Goodman""","""2002"""
0345324927,"""Recipes for a Small Planet""","""Ellen B. Ewald""","""1983"""
0373703104,"""Moon Gate""","""Rosalind Carson""","""1988"""
0312868286,"""Dark Cities Underground""","""Lisa Goldstein""","""1999"""
0814478379,"""Balancing Work and Family (The Worksmart Series)""","""Ken Lizotte""","""1995"""
0060084065,"""The Hunted""","""Elmore Leonard""","""2003"""
0139536477,"""Webster's New World Spanish Dictionary: Spanish/English English/Spanish""","""Mike  Gonzalez""","""1992"""
0812055721,"""Once upon a Potty: Hers""","""Alona Frankel""","""1984"""
0553569171,"""Star Crossed""","""Susan Krinard""","""1995"""
0330345591,"""Last Orders""","""Graham Swift""","""0"""
0395285887,"""Lion of Ireland: The Legend of Brian Boru""","""Morgan Llywelyn""","""1980"""
0373484763,"""Silhouette Ncp - Volume 7 (Silhouette Special Releases Series)""","""Rebecca Brandewyne""","""2002"""
0843149027,"""Jay Jay Earns His Wings (Jay Jay the Jet Plane (Paperback))""","""Jodi Huelin""","""2002"""
3423205989,"""Die siebte SÃ?Â¼nde.""","""Kjersti Scheen""","""2003"""
0895298759,"""All About Vitamins (Freqently Asked Questions)""","""Jack Challem""","""1998"""
8434808188,"""Charcos En El Camino - B.V. 1 -""","""Alan Parker""","""1993"""
0922233209,"""Raw Deal: Horrible and Ironic Stories of Forgotten Americans""","""Ken Smith""","""1998"""
0785804668,"""Tart Tales""","""Carolyn Banks""","""1996"""
0670411140,"""Just relations""","""Rodney Hall""","""1983"""
8495501570,"""LA Amigdalitis De Tarzan""","""Alfredo Bryce Echenique""","""2003"""
0345305000,"""Best Man to Die""","""Ruth Rendell""","""1981"""
067173735X,"""Trumped!: The Inside Story of the Real Donald Trump-His Cunning Rise and Spectacular Fall""","""John R. O'Donnell""","""1991"""
0689115210,"""Runaway""","""Clarissa Watson""","""1985"""
3442452627,"""Amandas Hochzeit.""","""Jenny Colgan""","""2002"""
1558584676,"""The Owl and the Pussy-Cat: And Other Nonsense Poems""","""Edward Lear""","""1995"""
0689868456,"""Code Name Cassandra (1-800-Where-R-You)""","""Meg Cabot""","""2004"""
1569870241,"""My First Book of ABC Friends""","""Diane Stortz""","""1993"""
1579901751,"""Making Ceramic Sculpture: Techniques * Projects * Inspirations ( A Lark Ceramics Book)""","""Raul Acero""","""2000"""
0060522607,"""The Death of an Irish Lass (Peter McGarr Mysteries (Paperback))""","""Bartholomew Gill""","""2003"""
0812564545,"""A Mystery of Errors""","""Simon Hawke""","""2001"""
0380775891,"""Scandalous Suzanne""","""Glenda Sanders""","""1996"""
0586086455,"""The Siege: The Saga of Israel and Zionism""","""Conor Cruise O'Brien""","""1988"""
1585472190,"""The Spiral Path (Center Point Premier Plus)""","""Mary Jo Putney""","""2002"""
0380774437,"""Highland Jewel""","""Lois Greiman""","""1994"""
0533143187,"""Jury Trial""","""William Thomas Stevens""","""2003"""
0061012645,"""Redcoat""","""Bernard Cornwell""","""1998"""
2020054590,"""Le rÃ¨gne de barbarie: PoÃ¨mes (Fiction &amp", [i.e et] Cie ," 38)"""
0823416917,"""Hoop Girlz""","""Lucy Jane Bledsoe""","""2002"""
0449900568,"""Embrace &amp"," Conquer""","""Jennifer Blake"""
0140242058,"""Zlata's Diary: A Child's Life in Sarajevo""","""Zlata Filipovic""","""1995"""
1593140169,"""The Path: Crisis of Faith (The Path Traveler)""","""Ron Marz""","""2003"""
0689866208,"""Bad Girls In Love (Aladdin Fiction)""","""Cynthia Voigt""","""2004"""
0553277693,"""The Girl Who Wanted""","""Paul Zindel""","""1989"""
